{
    "crps": 0.11297623245720327,
    "rou90": 0.1538810346174554,
    "rou50": 0.4119079008922657,
    "test_loss": -0.18147341907024384
}