{
    "crps": 0.09349477282921667,
    "rou90": 0.1159252842104266,
    "rou50": 0.3395732412775732,
    "test_loss": -0.5169216394424438
}